City_ID,City,Lat,Lng,Max Temp,Humidity,Cloudiness,Wind Speed,Country,Date
0,grytviken,-54.2811,-36.5092,3.97,95,100,3.9,GS,1701041119
1,guerrero negro,27.9769,-114.0611,21.11,51,22,5.07,MX,1701041119
2,sile,41.1754,29.6133,5.32,53,83,1.79,TR,1701041119
3,kodiak,57.79,-152.4072,3.73,93,75,2.06,US,1701041119
4,nguigmi,14.2495,13.1092,27.21,27,39,4.93,NE,1701041120
5,port-aux-francais,-49.35,70.2167,3.51,75,100,7.04,TF,1701041120
6,papatowai,-46.5619,169.4708,14.07,70,99,2.14,NZ,1701041120
7,port mathurin,-19.6833,63.4167,24.7,74,56,7.61,MU,1701041120
8,jinchang,38.4953,102.1739,0.92,44,35,2.86,CN,1701041120
9,leava,-14.3,-178.1667,28.86,77,86,5.98,WF,1701041121
10,concordia,-31.393,-58.0209,23.21,70,2,2.38,AR,1701041121
11,adamstown,-25.066,-130.1015,21.28,86,100,12.54,PN,1701041121
12,ar rutbah,33.0381,40.2848,14.56,38,0,7.8,IQ,1701041121
13,mezhdurechenskiy,59.6,65.9333,-3.2,97,100,3.29,RU,1701041121
14,namibe,-15.1961,12.1522,23.95,70,69,2.34,AO,1701041122
15,olonkinbyen,70.9221,-8.7187,1.07,87,82,7.77,SJ,1701041122
16,najran,17.4924,44.1277,16.36,44,60,0.29,SA,1701041122
17,sweet home,44.3976,-122.7362,11.4,67,0,0.45,US,1701041122
18,badger,64.8,-147.5333,-3.69,88,100,1.54,US,1701041123
19,korsakov,46.6328,142.7813,-5.09,57,60,6.05,RU,1701041123
20,ilulissat,69.2167,-51.1,-0.99,93,100,2.06,GL,1701041123
21,tierra colorada,17.1667,-99.5833,28.31,79,37,1.48,MX,1701041123
22,pemangkat,1.1667,108.9667,26.02,85,100,1.25,ID,1701041124
23,talnakh,69.4865,88.3972,-23.53,97,95,2.42,RU,1701041124
24,qaqortoq,60.7167,-46.0333,-5.65,93,100,1.77,GL,1701041124
25,bredasdorp,-34.5322,20.0403,16.3,80,14,1.14,ZA,1701041124
26,tiksi,71.6872,128.8694,-24.44,100,98,2.86,RU,1701041124
27,bukama,-9.2,25.85,20.72,98,100,1.05,CD,1701041125
28,olenino,56.2092,33.4889,-7.87,89,99,4.91,RU,1701041125
29,udachny,66.4167,112.4,-19.68,99,99,3.3,RU,1701041125
30,balcarce,-37.8462,-58.2552,28.55,49,74,1.79,AR,1701041125
31,invercargill,-46.4,168.35,13.9,75,100,1.79,NZ,1701041126
32,blackmans bay,-43.0167,147.3167,11.52,74,96,3.25,AU,1701041126
33,tuy hoa,13.0833,109.3,23.52,90,94,6.19,VN,1701041126
34,waitangi,-43.9535,-176.5597,15.46,94,70,3.58,NZ,1701041126
35,ribeira grande,38.5167,-28.7,18.21,97,100,6.26,PT,1701041127
36,stanley,54.868,-1.6985,3.2,93,75,0.51,GB,1701041127
37,claremont,34.0967,-117.7198,20.56,23,0,5.66,US,1701041127
38,codrington,-38.2667,141.9667,14.12,67,100,5.92,AU,1701041127
39,bonnyville,54.2668,-110.735,-1.38,86,73,1.63,CA,1701041127
40,belmonte,-15.8631,-38.8828,24.8,84,94,4.93,BR,1701041128
41,puerto natales,-51.7236,-72.4875,7.99,64,35,4.09,CL,1701041128
42,edinburgh of the seven seas,-37.0676,-12.3116,12.85,67,10,13.95,SH,1701041128
43,kuala terengganu,5.3302,103.1408,23.97,100,40,0.0,MY,1701041128
44,alice springs,-23.7,133.8833,24.75,53,27,2.06,AU,1701041128
45,iskateley,67.6803,53.1512,-19.19,99,83,3.11,RU,1701041129
46,nar'yan-mar,67.6713,53.087,-19.23,99,84,3.06,RU,1701041129
47,vorgashor,67.5833,63.95,-19.24,100,92,1.5,RU,1701041129
48,bilibino,68.0546,166.4372,-12.46,89,14,2.85,RU,1701041130
49,winkler,49.1817,-97.941,-11.88,61,83,4.63,CA,1701041130
50,hilo,19.7297,-155.09,26.85,73,20,3.6,US,1701041130
51,bethel,41.3712,-73.414,9.31,81,100,4.63,US,1701040943
52,yellowknife,62.456,-114.3525,-13.71,85,100,4.63,CA,1701041130
53,san antonio de pale,-1.4014,5.6325,27.05,78,98,2.12,GQ,1701041131
54,hermanus,-34.4187,19.2345,17.09,79,9,0.08,ZA,1701041131
55,villaviciosa,43.4813,-5.4357,11.79,92,100,2.08,ES,1701041131
56,kiama,-34.6833,150.8667,25.21,68,74,3.44,AU,1701041131
57,ust-nera,64.5667,143.2,-24.84,96,99,3.15,RU,1701041132
58,vila velha,-20.3297,-40.2925,21.97,96,100,2.57,BR,1701041132
59,burlington,39.8835,-74.6413,12.62,97,100,4.02,US,1701041132
60,ivnya,51.0629,36.1343,5.29,100,100,4.66,RU,1701041132
61,klyuchi,52.2667,79.1667,0.35,51,74,2.64,RU,1701041132
62,bunia,1.5667,30.25,17.36,99,99,1.58,CD,1701041133
63,remire-montjoly,4.9167,-52.2667,27.02,89,20,0.51,GF,1701041133
64,formosa do rio preto,-11.0483,-45.1931,29.8,36,23,3.37,BR,1701041133
65,mountain home,43.133,-115.6912,1.9,71,0,4.63,US,1701041133
66,keflavik,64.0049,-22.5624,5.95,100,100,8.23,IS,1701041134
67,portland,45.5234,-122.6762,12.33,49,40,5.36,US,1701040589
68,mount gambier,-37.8333,140.7667,14.09,64,100,4.26,AU,1701041134
69,marka,1.7159,44.7717,26.5,78,100,1.4,SO,1701041134
70,thompson,55.7435,-97.8558,-16.91,71,75,4.63,CA,1701041134
71,dudinka,69.4058,86.1778,-27.26,100,92,2.25,RU,1701041135
72,west island,-12.1568,96.8225,25.99,73,40,5.14,CC,1701041135
73,albany,42.6001,-73.9662,5.13,73,99,0.89,US,1701041082
74,flying fish cove,-10.4217,105.6791,24.82,83,99,3.6,CX,1701041135
75,shache,38.4167,77.2406,3.17,32,81,0.48,CN,1701041135
76,aasiaat,68.7098,-52.8699,-6.76,96,100,3.96,GL,1701041136
77,susuman,62.7833,148.1667,-22.43,99,100,2.31,RU,1701041136
78,tazacorte,28.629,-17.9293,18.54,79,0,4.12,ES,1701041136
79,moree,-29.4667,149.85,26.02,58,78,3.66,AU,1701041136
80,fortuna,40.5982,-124.1573,16.63,48,0,0.45,US,1701041137
81,wailua homesteads,22.0669,-159.378,26.24,79,75,7.72,US,1701041137
82,yaring,6.8662,101.3689,24.7,85,99,3.22,TH,1701041137
83,tura,25.5198,90.2201,16.71,59,52,1.46,IN,1701041137
84,kawalu,-7.3817,108.2082,21.98,93,98,0.55,ID,1701041138
85,flin flon,54.7682,-101.865,-15.09,72,20,5.66,CA,1701041138
86,ushuaia,-54.8,-68.3,6.81,65,75,8.75,AR,1701041138
87,martinsburg,39.4562,-77.9639,6.71,78,100,1.79,US,1701041047
88,taoudenni,22.6783,-3.9836,18.44,19,38,4.01,ML,1701041138
89,gbadolite,4.2833,21.0167,21.21,96,93,1.43,CD,1701041139
90,kyiv,50.4333,30.5167,-0.75,90,100,0.89,UA,1701041058
91,muroto-misakicho,33.2833,134.15,15.5,76,88,2.3,JP,1701041139
92,kollo,13.3043,2.339,31.24,18,100,0.94,NE,1701041139
93,anadyr,64.75,177.4833,2.28,93,75,13.0,RU,1701041139
94,farah,32.5,62.5,11.96,64,57,1.03,AF,1701041140
95,mariehamn,60.0973,19.9348,-2.32,93,75,2.57,AX,1701041140
96,turaiyur,11.1667,78.6167,23.59,94,98,2.31,IN,1701041140
97,jamestown,42.097,-79.2353,4.75,75,100,5.66,US,1701041019
98,whitehorse,60.7161,-135.0538,5.05,75,75,6.71,CA,1701041057
99,veraval,20.9,70.3667,24.01,76,0,3.28,IN,1701041141
100,howard springs,-12.497,131.047,30.95,92,39,1.23,AU,1701041141
101,juan griego,11.0817,-63.9655,26.02,88,1,5.23,VE,1701041141
102,kodinsk,58.6881,99.1844,-23.43,99,9,0.51,RU,1701041141
103,sandnessjoen,66.0217,12.6316,-19.71,70,8,5.0,NO,1701041142
104,la libertad,-2.2333,-80.9,23.81,83,75,4.12,EC,1701041142
105,trincomalee,8.5711,81.2335,26.89,82,100,4.33,LK,1701041142
106,mount pearl,47.5166,-52.7813,1.29,82,100,2.06,CA,1701041142
107,sitka,57.0531,-135.33,8.94,81,100,6.17,US,1701041143
108,richards bay,-28.783,32.0377,21.71,94,15,0.98,ZA,1701041143
109,agat village,13.3886,144.6585,30.2,82,71,2.24,GU,1701041143
110,fisterra,42.9049,-9.2629,13.75,83,100,4.34,ES,1701041143
111,acapulco de juarez,16.8634,-99.8901,29.9,74,75,3.6,MX,1701041019
112,puerto ayora,-0.7393,-90.3518,25.31,90,66,3.13,EC,1701041144
113,sarangani,5.4033,125.4636,28.32,74,86,5.78,PH,1701041144
114,karachi,24.9056,67.0822,16.9,63,52,2.06,PK,1701040925
115,launceston,-41.45,147.1667,13.42,58,100,6.69,AU,1701041144
116,bastrop,32.7562,-91.8724,11.82,59,0,3.09,US,1701041144
117,st. john's,47.5649,-52.7093,1.75,82,100,2.06,CA,1701041017
118,roven'ky,48.0833,39.3776,4.57,69,100,14.04,UA,1701041145
119,holualoa,19.6228,-155.9522,25.91,79,20,6.17,US,1701041145
120,sola,-13.8833,167.55,26.41,84,96,7.9,VU,1701041145
121,khedbrahma,24.0333,73.05,17.87,83,46,4.88,IN,1701041145
122,taroa,8.7058,171.2275,27.93,80,56,9.06,MH,1701041146
123,guisa,20.255,-76.5386,24.25,78,52,0.79,CU,1701041146
124,abong mbang,3.9833,13.1833,21.02,89,57,0.42,CM,1701041146
125,barcelos,41.5388,-8.6151,12.18,92,96,1.1,PT,1701041146
126,oriximina,-1.7656,-55.8661,25.25,85,89,0.94,BR,1701041146
127,pekan,3.4836,103.3996,24.06,94,100,2.56,MY,1701041147
128,petropavlovsk-kamchatsky,53.0452,158.6483,-8.64,74,40,4.47,RU,1701041147
129,alaghsas,17.0187,8.0168,25.28,18,83,4.99,NE,1701041147
130,livingstone,-17.8419,25.8543,24.5,47,18,1.15,ZM,1701041147
131,tabou,4.423,-7.3528,25.64,88,57,2.45,CI,1701041148
132,nabire,-3.3667,135.4833,23.61,94,100,1.24,ID,1701041148
133,santiago de cao,-7.9589,-79.2392,20.07,83,40,4.63,PE,1701041148
134,karbala,32.616,44.0249,18.44,67,0,4.83,IQ,1701041148
135,dalandzadgad,43.5708,104.425,-9.15,75,71,6.16,MN,1701041148
136,navirai,-23.065,-54.1906,19.22,99,100,2.6,BR,1701041149
137,olinda,-8.0089,-34.8553,27.85,65,75,5.14,BR,1701041149
138,uturoa,-16.7333,-151.4333,26.39,78,45,8.12,PF,1701041149
139,zykovo,55.9519,93.1461,-11.88,96,100,1.35,RU,1701041149
140,sao joao da ponte,-15.9292,-44.0078,27.94,44,71,4.35,BR,1701041150
141,northam,51.0333,-4.2167,13.7,95,100,6.74,GB,1701041150
142,maintirano,-18.0667,44.0167,27.92,79,69,5.18,MG,1701041150
143,la ronge,55.1001,-105.2842,-12.86,72,100,2.06,CA,1701041150
144,san luis,-33.295,-66.3356,28.58,23,31,2.63,AR,1701041150
145,solleftea,63.1667,17.2667,-4.08,98,92,1.79,SE,1701041151
146,kone,-21.0595,164.8658,27.58,52,100,1.42,NC,1701041151
147,isafjordur,66.0755,-23.124,3.69,88,96,4.25,IS,1701041151
148,bel ombre,-4.6167,55.4167,26.91,83,40,1.03,SC,1701041151
149,longyearbyen,78.2186,15.6401,1.91,75,75,8.75,SJ,1701041151
150,margaret river,-33.95,115.0667,20.44,61,100,4.58,AU,1701041152
151,kulhudhuffushi,6.6221,73.07,29.04,72,82,7.88,MV,1701041152
152,utrik,11.2278,169.8474,27.85,72,94,9.21,MH,1701041152
153,sanchursk,56.9413,47.2499,0.66,99,100,4.46,RU,1701041152
154,bengkulu,-3.8004,102.2655,23.74,93,99,1.31,ID,1701041152
155,gorontalo,0.5412,123.0595,25.76,86,81,0.97,ID,1701041153
156,hawaiian paradise park,19.5933,-154.9731,26.73,78,20,3.6,US,1701041153
157,lerwick,60.1545,-1.1494,7.0,65,97,12.18,GB,1701041153
158,moranbah,-22.0016,148.0466,26.01,66,95,2.46,AU,1701041153
159,juneau,58.3019,-134.4197,8.0,97,100,6.17,US,1701041154
160,talakan,50.3167,130.3667,-22.2,100,22,0.7,RU,1701041154
161,lander,42.833,-108.7307,1.33,73,0,2.06,US,1701041104
162,opuwo,-18.0607,13.84,24.75,56,92,2.48,NA,1701041154
163,saipan,15.1355,145.701,29.39,79,0,8.75,MP,1701041154
164,punta arenas,-53.15,-70.9167,10.06,53,20,9.26,CL,1701041128
165,torghay,49.6339,63.4981,0.92,71,100,4.58,KZ,1701041155
166,kapuskasing,49.4169,-82.4331,-0.95,100,100,3.09,CA,1701041155
167,mae hong son,19.3003,97.9685,18.08,100,40,1.54,TH,1701041155
168,east london,-33.0153,27.9116,21.13,95,37,3.71,ZA,1701041155
169,port elizabeth,-33.918,25.5701,21.29,71,0,2.57,ZA,1701041156
170,camacupa,-12.0167,17.4833,17.19,96,96,1.68,AO,1701041156
171,touros,-5.1989,-35.4608,25.59,74,1,4.59,BR,1701041156
172,al jawf,29.5,38.75,16.6,34,0,4.23,SA,1701041156
173,ruteng,-8.6136,120.4721,19.43,79,100,0.73,ID,1701041156
174,salihorsk,52.7876,27.5415,-5.56,90,100,6.42,BY,1701041157
175,kuta,-8.7233,115.1723,26.97,78,40,1.54,ID,1701041157
176,kabwe,-14.4469,28.4464,19.24,83,100,0.82,ZM,1701041157
177,lorengau,-2.0226,147.2712,29.28,70,91,2.06,PG,1701041157
178,san patricio,28.017,-97.5169,16.05,50,100,6.95,US,1701041158
179,arkalyk,50.2486,66.9114,1.53,45,100,8.11,KZ,1701041158
180,morehead city,34.7229,-76.726,10.02,77,100,2.51,US,1701041158
181,salinas,36.6777,-121.6555,19.05,32,75,6.17,US,1701041149
182,kuna,43.4918,-116.4201,2.88,64,0,2.06,US,1701041158
183,lata,40.1629,-8.3327,14.34,96,81,0.24,PT,1701041159
184,hithadhoo,-0.6,73.0833,27.38,75,64,1.2,MV,1701041159
185,hadibu,12.65,54.0333,25.69,74,97,5.16,YE,1701041159
186,faya-largeau,17.9257,19.1043,23.93,16,29,9.78,TD,1701041159
187,ulanhot,46.0833,122.0833,-12.06,83,100,1.01,CN,1701041124
188,sanghar,26.0466,68.9481,18.08,68,1,1.92,PK,1701041160
189,san luis de la loma,17.2706,-100.8939,28.28,73,86,1.39,MX,1701041160
190,port lincoln,-34.7333,135.8667,15.51,77,100,9.03,AU,1701041160
191,onguday,50.75,86.15,-4.02,82,23,1.3,RU,1701041160
192,san pedro,14.35,121.0167,27.4,90,20,1.79,PH,1701041160
193,linkou,45.3,130.2833,-13.51,95,100,0.62,CN,1701041161
194,agadez,19.75,10.25,20.07,20,100,2.21,NE,1701041161
195,horta,38.5333,-28.6333,17.79,97,99,6.26,PT,1701041161
196,new norfolk,-42.7826,147.0587,12.18,49,27,1.35,AU,1701041161
197,lebu,-37.6167,-73.65,14.31,84,100,4.7,CL,1701041161
198,afaahiti,-17.75,-149.2833,28.93,84,77,8.8,PF,1701041162
199,kuytun,54.3419,101.5036,-21.33,97,43,0.35,RU,1701041162
200,alappuzha,9.49,76.3264,25.7,84,100,2.4,IN,1701041162
201,shubarshi,48.5872,57.1869,1.63,75,98,6.91,KZ,1701041163
202,voi,-3.3945,38.563,22.38,89,100,1.72,KE,1701041163
203,kanniyakumari,8.0833,77.5667,25.93,85,35,9.12,IN,1701041163
204,taltal,-25.4,-70.4833,18.27,71,22,3.18,CL,1701041163
205,buritizeiro,-17.3511,-44.9622,27.07,55,89,1.46,BR,1701041164
206,isangel,-19.55,169.2667,28.06,61,75,2.57,VU,1701040968
207,lucerne valley,34.4439,-116.9678,14.41,40,100,4.55,US,1701041164
208,as saffaniyah,27.9708,48.73,22.65,82,38,4.76,SA,1701041164
209,piacabucu,-10.4056,-36.4344,24.34,75,0,3.12,BR,1701041165
210,roosevelt,33.9668,-103.4505,7.12,25,1,1.62,US,1701040923
211,ulladulla,-35.35,150.4667,23.76,80,93,3.08,AU,1701041166
212,thunder bay,48.4001,-89.3168,-2.01,86,100,3.6,CA,1701041166
213,nema,57.5067,50.5011,1.04,97,100,3.56,RU,1701041166
214,ta`u,-14.2336,-169.5144,27.85,84,67,8.23,AS,1701041166
215,hyesan,41.4017,128.1778,-4.42,95,100,0.25,KP,1701041167
216,verkhnevilyuysk,63.4453,120.3167,-17.34,93,100,4.01,RU,1701041167
217,labytnangi,66.6572,66.4183,-22.14,99,67,1.37,RU,1701041167
218,barra de santo antonio,-9.4047,-35.5072,23.6,70,0,2.35,BR,1701041167
219,punta del este,-34.9667,-54.95,24.06,81,0,4.12,UY,1701041168
220,port isabel,26.0734,-97.2086,18.34,86,100,7.72,US,1701041168
221,kavaratti,10.5669,72.642,28.48,71,19,2.54,IN,1701041168
222,kovdor,67.5662,30.4758,-23.03,100,74,0.94,RU,1701041168
223,le port,-20.9373,55.2919,22.98,82,48,1.25,RE,1701041169
224,lihue,21.9789,-159.3672,26.58,73,75,7.72,US,1701041169
225,banfora,10.6333,-4.7667,28.75,49,93,1.27,BF,1701041169
226,shenjiamen,29.9576,122.298,14.82,72,72,5.11,CN,1701041169
227,wajir,1.7471,40.0573,26.57,72,98,4.45,KE,1701041170
228,fort st. john,56.2499,-120.8529,-0.06,74,75,3.09,CA,1701041170
229,boukadir,36.0663,1.126,10.4,60,10,2.23,DZ,1701041170
230,las heras,-46.5419,-68.9359,18.06,15,99,0.97,AR,1701041170
231,jacmel,18.2342,-72.5347,28.91,83,78,0.9,HT,1701041170
232,college,64.8569,-147.8028,-3.64,87,75,1.54,US,1701041171
233,gadzhiyevo,69.2551,33.3362,-14.95,90,48,2.66,RU,1701041171
234,itapuranga,-15.5622,-49.9486,21.48,96,93,1.95,BR,1701041171
235,chernyshevskiy,63.0128,112.4714,-21.59,98,94,1.78,RU,1701041172
236,cadale,2.7603,46.3222,27.41,77,91,5.53,SO,1701041172
237,lesneven,48.5723,-4.3213,11.25,96,75,5.14,FR,1701041172
238,svetlyy,54.675,20.1347,-5.91,88,67,2.4,RU,1701041172
239,georgetown,5.4112,100.3354,25.96,92,20,1.54,MY,1701041173
240,rada tilly,-45.9333,-67.5333,12.27,58,0,7.2,AR,1701041173
241,saldanha,-33.0117,17.9442,15.03,87,6,5.42,ZA,1701041173
242,igarka,67.4667,86.5833,-27.28,98,50,2.72,RU,1701041173
243,acajutla,13.5928,-89.8275,28.56,73,48,1.12,SV,1701041174
244,dolores,-36.3132,-57.6792,20.68,55,0,6.12,AR,1701041174
245,tralee,52.2704,-9.7026,10.27,89,99,3.87,IE,1701041174
246,kudahuvadhoo,2.6708,72.8944,27.61,76,47,2.16,MV,1701040886
247,yarkovo,57.4028,67.0786,0.16,96,100,3.7,RU,1701041175
248,sal rei,16.1833,-22.9167,24.48,68,6,6.49,CV,1701041175
249,tolanaro,-25.0319,46.9987,25.04,83,20,6.17,MG,1701041175
250,kristiansund,63.1115,7.732,-1.64,64,3,3.6,NO,1701041175
251,umea,63.8284,20.2597,-7.04,86,40,4.63,SE,1701041176
252,bali chak,22.3667,87.55,18.63,62,24,1.92,IN,1701041176
253,klaksvik,62.2266,-6.589,3.51,71,94,8.52,FO,1701041176
254,rongelap,11.1635,166.8941,27.92,77,9,9.39,MH,1701041177
255,leninskoye,41.7589,69.3864,12.97,28,82,1.49,KZ,1701041177
256,mhamid,29.82,-5.72,14.02,21,0,1.16,MA,1701041177
257,yemetsk,63.4721,41.7941,-18.97,98,29,1.49,RU,1701041178
258,aykhal,66.0,111.5,-20.97,99,99,3.94,RU,1701041178
259,newman,37.3138,-121.0208,16.24,45,99,0.89,US,1701041178
260,urzhar,47.093,81.6294,4.52,44,100,2.4,KZ,1701041178
261,haiku-pauwela,20.9219,-156.3051,27.01,69,40,11.32,US,1701041179
262,prineville,44.2999,-120.8345,9.69,38,0,0.89,US,1701041179
263,constantia,44.1833,28.65,-0.62,73,100,9.86,RO,1701041179
264,harper,4.375,-7.7169,26.03,85,25,3.04,LR,1701041179
265,yoko,5.5333,12.3167,19.31,92,70,1.26,CM,1701041180
266,biloela,-24.4167,150.5,26.17,64,98,3.11,AU,1701041180
267,puerto santa,-8.9906,-78.6456,19.9,83,64,4.01,PE,1701041180
268,nahiyat ash shinafiyah,31.5874,44.6602,19.48,59,0,3.57,IQ,1701041181
269,allapalli,19.4167,80.0667,19.35,79,7,1.58,IN,1701041181
270,chonchi,-42.6128,-73.8092,13.4,77,100,0.89,CL,1701041181
271,xai-xai,-25.0519,33.6442,22.51,94,1,2.05,MZ,1701041182
272,ijevan,40.8783,45.1492,10.6,66,12,3.43,AM,1701041182
273,gur'yevsk,54.2833,85.9333,-0.15,93,99,2.88,RU,1701041182
274,enewetak,11.3474,162.3373,28.03,79,73,9.68,MH,1701041182
275,antofagasta,-23.65,-70.4,18.6,75,16,2.66,CL,1701041164
276,nemuro,43.3236,145.575,2.09,56,49,3.77,JP,1701041183
277,parauapebas,-6.0675,-49.9022,26.11,71,87,0.82,BR,1701041183
278,bubaque,11.2833,-15.8333,27.24,63,3,4.2,GW,1701041183
279,harstad,68.799,16.5293,-0.21,96,56,1.79,NO,1701041184
280,pangody,65.85,74.4859,-12.71,96,95,3.28,RU,1701041184
281,heihe,50.2441,127.4902,-23.68,93,92,0.9,CN,1701041184
282,kodar,16.9833,79.9667,21.03,96,46,1.39,IN,1701041184
283,mil'kovo,55.6078,37.7956,-3.89,96,100,7.45,RU,1701041184
284,fort bragg,35.139,-79.006,8.91,89,75,0.0,US,1701041185
285,ubinskoye,55.3068,79.6802,-3.12,94,95,3.15,RU,1701041185
286,myrina,39.8797,25.0742,7.58,53,40,4.63,GR,1701041185
287,egilsstadir,65.2653,-14.3948,-4.05,93,0,1.03,IS,1701041186
288,cidade velha,14.9167,-23.6167,24.26,69,20,4.63,CV,1701041186
289,turmalina,-17.2856,-42.73,24.76,52,71,3.56,BR,1701041186
290,pipar,26.3856,73.5378,16.23,80,100,5.14,IN,1701041186
291,axim,4.8699,-2.2405,25.09,87,100,2.61,GH,1701041187
292,hashtpar,37.8008,48.9037,20.45,47,4,6.67,IR,1701041187
293,tiflet,33.8947,-6.3065,7.33,90,83,0.45,MA,1701041187
294,brookings,44.3114,-96.7984,-5.9,68,0,6.17,US,1701041187
295,amga,60.8953,131.9608,-27.29,97,100,2.74,RU,1701041188
296,puerto carreno,6.189,-67.4859,28.99,74,20,1.54,CO,1701041188
297,guiuan,11.0333,125.7247,27.27,81,78,1.78,PH,1701040999
298,kingston,17.997,-76.7936,28.53,76,20,9.26,JM,1701041046
299,porto novo,6.4965,2.6036,23.9,89,100,0.74,BJ,1701041189
300,kharp,66.8014,65.8081,-19.89,97,57,2.22,RU,1701041189
301,fethiye,36.6217,29.1164,9.93,68,33,3.4,TR,1701041189
302,timmins,48.4669,-81.3331,-1.1,100,100,2.57,CA,1701041189
303,mako,46.2167,20.4833,-0.52,67,43,5.52,HU,1701041190
304,sinop,41.7711,34.8709,1.44,75,39,3.41,TR,1701041190
305,iqaluit,63.7506,-68.5145,-11.15,73,75,1.54,CA,1701041190
306,bhainsdehi,21.6467,77.6325,14.02,89,99,3.01,IN,1701041190
307,tazovsky,67.4667,78.7,-19.24,97,89,4.75,RU,1701041191
308,ngereklmadel,7.4883,134.4856,30.05,74,75,4.63,PW,1701041191
309,enschede,52.2183,6.8958,5.4,89,100,3.58,NL,1701041191
310,sisimiut,66.9395,-53.6735,-3.77,94,100,3.45,GL,1701041191
311,prince rupert,54.3161,-130.3201,6.05,91,20,5.66,CA,1701041192
312,avarua,-21.2078,-159.775,27.03,65,75,8.75,CK,1701041192
313,boali,4.8005,18.1275,23.49,85,95,0.41,CF,1701041192
314,taro,-8.3862,115.28,23.0,83,100,0.51,ID,1701041192
315,ponta delgada,37.7333,-25.6667,20.4,94,75,8.75,PT,1701041193
316,hami,42.8,93.45,1.97,44,100,3.33,CN,1701041193
317,reggane,26.7158,0.1714,17.16,26,48,4.44,DZ,1701041193
318,mahibadhoo,3.7833,72.9667,27.93,74,81,2.25,MV,1701041193
319,gabane,-24.6667,25.7822,26.55,32,38,0.9,BW,1701041194
320,kirkland lake,48.1446,-80.0377,-0.84,93,100,3.6,CA,1701041194
321,walvis bay,-22.9575,14.5053,15.61,80,65,3.73,NA,1701041102
322,aral,40.5156,81.2636,2.79,38,53,1.53,CN,1701041194
323,kerikeri,-35.2268,173.9474,21.06,70,76,0.89,NZ,1701041195
324,custodia,-8.0875,-37.6431,27.2,33,0,5.67,BR,1701041195
325,vadso,70.0744,29.7487,-1.91,80,75,5.66,NO,1701041195
326,shiguai,40.7058,110.2856,-4.19,45,46,7.05,CN,1701041195
327,bullhead city,35.1478,-114.5683,17.68,27,0,10.29,US,1701041196
328,altai,46.3722,96.2583,-10.95,71,2,1.28,MN,1701041196
329,sorong,-0.8833,131.25,26.35,85,100,3.09,ID,1701041196
330,nizhnyaya tavda,57.6731,66.1725,-0.2,97,100,4.13,RU,1701041196
331,villa gesell,-37.2639,-56.973,20.19,61,31,8.06,AR,1701041197
332,belozersk,60.0326,37.7957,-11.12,91,66,2.24,RU,1701041197
333,urangan,-25.3,152.9,24.17,73,93,2.55,AU,1701041197
334,ipsala,40.9212,26.3827,2.89,56,45,0.62,TR,1701041198
335,mar del plata,-38.0023,-57.5575,28.01,57,40,6.71,AR,1701041198
336,severnoye,56.3491,78.3619,-0.57,97,98,3.58,RU,1701041198
337,kapa'a,22.0752,-159.319,26.99,79,75,7.72,US,1701041198
338,berdigestyakh,62.0989,126.6992,-22.65,95,100,3.28,RU,1701041198
339,hamilton,39.1834,-84.5333,7.74,87,100,5.14,US,1701041120
340,charters towers,-20.1,146.2667,26.63,64,99,6.23,AU,1701041199
341,inirida,3.8653,-67.9239,24.41,93,91,1.01,CO,1701041199
342,kuanda,56.3161,116.0806,-25.85,96,100,0.12,RU,1701041199
343,broome,42.2506,-75.833,6.5,87,100,6.17,US,1701041200
344,baragua,21.6967,-78.6328,24.53,76,0,2.61,CU,1701041200
345,giarmata,45.8383,21.3108,-1.75,86,0,3.6,RO,1701041200
346,queenstown,-31.8976,26.8753,17.37,97,1,0.9,ZA,1701041201
347,karayazi,39.7028,42.1456,1.16,95,100,13.97,TR,1701041201
348,tofol,5.3248,163.0078,30.88,70,75,3.09,FM,1701041201
349,sinabang,2.4803,96.3801,25.86,80,100,1.3,ID,1701041201
350,kangding,30.0513,101.9603,2.72,37,0,4.11,CN,1701041201
351,kununurra,-15.7667,128.7333,27.99,74,23,1.54,AU,1701041202
352,koupela,12.1794,-0.3517,30.42,36,100,1.89,BF,1701041202
353,maceio,-9.6658,-35.7353,23.69,88,0,3.09,BR,1701041202
354,sarkand,45.41,79.9186,7.54,42,96,2.53,KZ,1701041202
355,colonia,50.9333,6.95,5.54,82,40,2.57,DE,1701040976
356,namtsy,62.7161,129.6658,-27.24,91,100,2.06,RU,1701041203
357,saint-philippe,-21.3585,55.7679,21.77,77,29,2.49,RE,1701041203
358,arraial do cabo,-22.9661,-42.0278,22.92,77,69,6.82,BR,1701041203
359,luderitz,-26.6481,15.1594,20.57,52,0,8.84,NA,1701041203
360,mili,6.0815,171.735,28.28,80,89,8.1,MH,1701041204
361,tshabong,-26.05,22.45,30.66,20,15,2.27,BW,1701041204
362,city of balikpapan,-1.242,116.8942,25.97,89,20,1.03,ID,1701041204
363,la passe,45.5549,-0.8967,4.99,61,100,2.44,FR,1701041204
364,mana,5.6592,-53.7767,26.09,85,94,4.29,GF,1701041204
365,ketchikan,55.3422,-131.6461,7.26,93,100,5.66,US,1701041072
366,nuuk,64.1835,-51.7216,-0.66,100,100,9.26,GL,1701041205
367,mugumu,-1.85,34.7,16.01,97,89,0.51,TZ,1701041205
368,labuan,5.2767,115.2417,26.2,89,20,1.54,MY,1701041205
369,rumbek,6.802,29.6912,24.19,81,100,3.19,SS,1701041205
370,conduaga,8.862,117.4893,26.04,82,92,1.22,PH,1701041206
371,terenozek,45.05,64.9833,9.73,40,100,4.96,KZ,1701041206
372,carnarvon,-24.8667,113.6333,22.08,66,70,4.95,AU,1701041206
373,khabarovsk,48.4808,135.0928,-20.11,77,0,4.0,RU,1701041206
374,port alfred,-33.5906,26.891,19.54,97,16,1.57,ZA,1701041207
375,red bluff,40.1785,-122.2358,18.38,19,0,2.06,US,1701041207
376,nova sintra,14.8667,-24.7167,22.06,67,25,6.88,CV,1701041207
377,muli,2.9167,73.5667,27.52,78,58,2.97,MV,1701041207
378,crucecita,-28.95,-58.9833,25.49,72,67,2.6,AR,1701041208
379,trairi,-3.2778,-39.2689,26.87,68,0,5.02,BR,1701041128
380,toliara,-23.35,43.6667,23.39,90,7,2.3,MG,1701041208
381,kabansk,52.0486,106.6528,-14.15,87,41,3.25,RU,1701041208
382,sicuani,-14.2694,-71.2261,13.34,60,54,3.98,PE,1701041208
383,pangkalan brandan,4.0238,98.2782,23.26,96,100,2.3,ID,1701041209
384,genhe,50.7833,121.5167,-20.49,100,100,1.03,CN,1701041209
385,copala,16.65,-98.9833,27.93,74,88,2.16,MX,1701041209
386,erenhot,43.6475,111.9767,-7.84,76,100,4.91,CN,1701041209
387,port augusta,-32.5,137.7667,24.74,38,92,5.52,AU,1701041209
388,rawson,-43.3002,-65.1023,14.12,50,52,6.59,AR,1701041044
389,kujang-up,39.8672,126.0303,1.54,99,100,0.5,KP,1701041210
390,nadym,65.5333,72.5167,-16.39,98,96,3.48,RU,1701041210
391,indi,17.1667,75.9667,23.15,73,67,6.22,IN,1701041210
392,galle,6.0367,80.217,24.67,90,99,2.7,LK,1701041210
393,basco,20.4487,121.9702,25.76,82,50,8.55,PH,1701041211
394,lisala,2.15,21.5167,20.61,91,82,0.49,CD,1701041211
395,aki,33.5,133.9,9.97,82,64,0.73,JP,1701041211
396,laguna,38.421,-121.4238,18.38,31,0,3.6,US,1701041211
397,zeya,53.75,127.2667,-20.94,77,4,2.13,RU,1701041211
398,mukalla,14.5425,49.1242,25.05,68,43,0.48,YE,1701040963
399,east end,34.5507,-92.341,6.94,64,59,0.45,US,1701041212
400,novodvinsk,64.4165,40.8122,-15.68,99,67,1.61,RU,1701041212
401,vuktyl,63.8567,57.3094,-17.72,97,87,1.34,RU,1701041212
402,constitucion,-35.3333,-72.4167,15.63,81,37,2.09,CL,1701041212
403,abha,18.2164,42.5053,12.14,62,0,2.06,SA,1701041084
404,romorantin-lanthenay,47.4167,1.8333,3.27,100,0,0.0,FR,1701041213
405,manta,-0.95,-80.7333,24.88,78,20,5.66,EC,1701041213
406,sumenep,-7.0167,113.8667,27.57,77,89,0.91,ID,1701041213
407,olyokminsk,60.3736,120.4264,-18.0,89,100,5.05,RU,1701041213
408,chegdomyn,51.1167,133.0167,-22.68,95,9,1.16,RU,1701041214
409,manakara,-22.1333,48.0167,22.37,95,1,2.39,MG,1701041214
410,pangani,-5.4333,38.9667,24.19,91,100,2.18,TZ,1701041214
411,ntcheu,-14.8203,34.6359,22.07,51,61,1.93,MW,1701041214
412,fortaleza,-3.7227,-38.5247,28.37,77,40,4.63,BR,1701041100
413,mitu,1.1983,-70.1733,26.33,73,93,0.82,CO,1701041215
414,nevinnomyssk,44.6267,41.9453,7.71,81,100,9.55,RU,1701041215
415,cedeira,43.6797,-8.0209,12.25,78,100,5.58,ES,1701041215
416,karratha,-20.7377,116.8463,25.13,50,0,6.82,AU,1701041215
417,kidal,18.4411,1.4078,22.72,12,24,2.53,ML,1701041215
418,muisne,0.6,-80.0333,25.8,84,80,3.28,EC,1701041216
419,la'ie,21.6477,-157.9253,28.98,73,100,4.02,US,1701041216
420,khamis mushait,18.3064,42.7292,13.58,43,0,2.06,SA,1701041216
421,bayanhongor,46.7167,100.1167,-19.22,84,4,2.29,MN,1701041216
422,otaru,43.1894,141.0022,0.91,83,100,3.91,JP,1701041216
423,hammerfest,70.6634,23.6821,-2.75,68,40,1.54,NO,1701041217
424,larose,29.5724,-90.3818,18.9,82,0,2.06,US,1701041217
425,okha,53.5739,142.9478,-12.73,88,99,12.08,RU,1701041217
426,ola,59.5833,151.2833,-17.14,81,100,5.41,RU,1701041217
427,preston,53.7667,-2.7167,6.62,85,100,2.01,GB,1701041218
428,santa cruz,-17.8,-63.1667,28.03,65,40,4.63,BO,1701041015
429,yaren,-0.5472,166.916,28.74,71,90,1.75,NR,1701041218
430,ocean shores,46.9737,-124.1563,12.23,80,0,6.17,US,1701041005
431,rotorua,-38.1387,176.2452,23.12,34,0,2.77,NZ,1701041218
432,delson,45.3668,-73.5492,4.99,59,100,5.66,CA,1701041219
433,kayangel,8.0823,134.7173,28.89,76,99,7.65,PW,1701041219
434,mammoth lakes,37.6485,-118.9721,4.63,21,0,4.12,US,1701041219
435,balakirevo,56.5059,38.8432,-5.27,94,100,6.78,RU,1701041219
436,porto velho,-8.7619,-63.9039,28.03,74,40,1.54,BR,1701041220
437,barberton,-25.7884,31.0532,21.21,93,1,0.52,ZA,1701041220
438,al musayyib,32.7833,44.2825,17.42,62,0,5.29,IQ,1701041220
439,calvinia,-31.4707,19.776,21.34,30,0,2.0,ZA,1701041220
440,palmer,42.1584,-72.3287,6.07,72,75,0.0,US,1701041221
441,coahuayana de hidalgo,18.7,-103.6583,28.12,63,88,1.85,MX,1701041221
442,pisco,-13.7,-76.2167,21.03,73,0,8.23,PE,1701041221
443,akouda,35.8691,10.5653,11.23,55,0,0.65,TN,1701041221
444,hanchuan,30.65,113.7667,5.06,76,0,1.32,CN,1701041221
445,wanxian,30.8039,108.3897,11.33,89,0,1.41,CN,1701041222
446,jericho,31.8667,35.45,20.92,57,4,6.24,PS,1701041222
447,omarska,44.89,16.8992,-2.34,76,16,1.41,BA,1701041223
448,menongue,-14.6585,17.691,18.58,87,87,1.67,AO,1701041223
449,castillos,-34.1667,-53.8333,17.12,87,3,4.54,UY,1701041223
450,coquimbo,-29.9533,-71.3436,14.85,88,40,4.12,CL,1701041223
451,glace bay,46.1969,-59.957,0.15,82,20,3.09,CA,1701041224
452,nogliki,51.8333,143.1667,-17.03,67,1,9.39,RU,1701041224
453,bontang,0.1333,117.5,24.83,90,92,2.42,ID,1701041224
454,sirjan,29.452,55.6814,9.61,60,0,2.7,IR,1701041224
455,det udom,14.906,105.0784,21.9,88,90,3.85,TH,1701041225
456,el nido,11.1858,119.3956,27.39,80,96,2.98,PH,1701041002
457,lompoc,34.6391,-120.4579,20.99,30,0,3.6,US,1701041225
458,calama,-22.4667,-68.9333,21.27,17,0,11.83,CL,1701041225
459,solnechnyy,50.7214,136.6319,-18.87,88,9,1.36,RU,1701041226
460,korla,41.7597,86.1469,2.41,52,13,1.44,CN,1701041226
461,knurow,50.2197,18.6507,-1.49,85,74,2.73,PL,1701041226
462,coxcatlan,18.2667,-97.15,23.74,69,8,4.46,MX,1701041227
463,trevelin,-43.0858,-71.4639,17.71,73,98,1.89,AR,1701041227
464,kentau,43.5206,68.5094,10.74,24,94,1.24,KZ,1701041227
465,fale old settlement,-9.3852,-171.2468,29.87,74,40,7.46,TK,1701041227
466,alcantara,-2.4089,-44.4147,28.11,86,77,4.32,BR,1701041228
467,acarau,-2.8856,-40.12,26.88,73,28,7.55,BR,1701041228
468,bikenibeu village,1.3673,173.1241,29.98,79,75,2.06,KI,1701041228
469,verkhniy baskunchak,48.2256,46.7217,4.92,87,76,3.25,RU,1701041229
470,lockwood,45.8191,-108.4149,4.03,56,75,7.2,US,1701041229
471,alofi,-19.0595,-169.9187,29.94,70,48,5.66,NU,1701041229
472,kailua-kona,19.6406,-155.9956,27.98,78,20,6.17,US,1701041229
473,sao gabriel da cachoeira,-0.1303,-67.0892,26.45,75,96,0.5,BR,1701041230
474,carauari,-4.8828,-66.8958,27.19,66,90,0.45,BR,1701041230
475,chui,-33.6971,-53.4616,17.4,87,6,4.58,UY,1701041230
476,mek'ele,13.4967,39.4753,14.37,65,10,3.67,ET,1701041230
477,shimoda,34.6667,138.95,13.2,69,0,2.74,JP,1701041231
478,pitoa,9.3833,13.5333,28.96,23,23,0.72,CM,1701041231
479,inhambane,-23.865,35.3833,23.01,88,8,1.98,MZ,1701041231
480,bandirma,40.3522,27.9767,4.01,75,75,3.09,TR,1701041231
481,papao,-17.75,-149.55,29.82,83,54,9.98,PF,1701041232
482,ermoupolis,37.4423,24.9425,11.39,35,18,8.75,GR,1701041232
483,arawa,-6.2132,155.5367,30.22,70,93,1.73,PG,1701041232
484,nyurba,63.2842,118.3319,-16.82,92,100,3.94,RU,1701041232
485,kilindoni,-7.9139,39.6668,26.77,78,48,3.44,TZ,1701041233
486,sanaa,15.3547,44.2067,13.12,48,7,1.62,YE,1701041233
487,longquan,24.6719,102.1613,9.58,92,0,0.77,CN,1701041233
488,xichang,27.8964,102.2634,6.83,84,0,0.69,CN,1701041233
489,nagqu,31.5,92.0,-11.09,52,87,1.25,CN,1701041234
490,carupano,10.6678,-63.2585,25.68,87,8,4.96,VE,1701041234
491,saint-louis,16.3333,-15.0,24.8,14,0,4.58,SN,1701041234
492,severo-yeniseyskiy,60.3725,93.0408,-29.47,99,6,0.93,RU,1701041234
493,grand falls-windsor,48.9332,-55.6649,1.39,74,91,2.49,CA,1701041235
494,impfondo,1.6381,18.0667,21.67,95,82,0.66,CG,1701041235
495,wellington,-41.2866,174.7756,17.81,63,30,7.72,NZ,1701041100
496,lonar,19.9833,76.5333,17.59,94,99,3.89,IN,1701041235
497,khovd,48.0056,91.6419,-7.94,70,9,0.69,MN,1701041235
498,post,33.1909,-101.3782,9.43,22,46,3.63,US,1701041236
499,camocim,-2.9022,-40.8411,26.83,77,10,7.09,BR,1701041236
500,tercan,39.7794,40.3925,3.19,99,100,1.99,TR,1701041236
501,cartagena del chaira,1.3349,-74.8429,24.22,90,69,1.52,CO,1701041236
502,maraba,-5.3686,-49.1178,27.1,83,0,0.0,BR,1701041237
503,armacao de buzios,-22.7469,-41.8817,23.03,77,88,5.45,BR,1701041144
504,cuencame de ceniceros,24.8711,-103.6964,20.29,21,96,3.11,MX,1701041237
505,tamanrasset,22.785,5.5228,10.95,15,0,2.06,DZ,1701041237
506,machico,32.7,-16.7667,19.84,78,20,2.06,PT,1701041238
507,myeik,12.4333,98.6,24.56,81,75,2.32,MM,1701041238
508,colby,39.3958,-101.0524,0.46,68,0,5.14,US,1701041238
509,nizhneangarsk,55.7833,109.55,-15.55,78,98,3.58,RU,1701041238
510,swan hill,-35.3378,143.5544,19.81,52,0,2.96,AU,1701041239
511,cestos city,5.46,-9.5828,26.56,82,27,2.81,LR,1701041239
512,saint-junien,45.8833,0.9,3.8,71,100,1.07,FR,1701041239
513,daru,-9.0763,143.2092,28.96,70,99,3.79,PG,1701041239
514,angaur state,6.906,134.13,28.83,77,97,6.8,PW,1701041239
515,westport,41.1415,-73.3579,10.6,84,100,6.69,US,1701041240
516,forster,-32.1667,152.5167,29.6,49,0,2.85,AU,1701041240
517,cockburn town,21.4612,-71.1419,26.98,65,20,4.12,TC,1701041240
518,chemax,20.65,-87.9333,25.87,86,87,1.6,MX,1701041240
519,ciudad madero,22.2667,-97.8333,24.11,78,100,8.17,MX,1701041241
520,houlton,46.1262,-67.8403,-2.38,82,75,0.0,US,1701041241
521,pamandzi,-12.7967,45.2794,25.88,83,0,2.06,YT,1701041241
522,soata,6.3337,-72.6828,17.1,81,88,1.61,CO,1701041241
523,puerto deseado,-47.7503,-65.8938,9.42,52,2,3.87,AR,1701041241
524,hasaki,35.7333,140.8333,9.05,73,22,2.2,JP,1701041242
525,ust'-uda,54.1742,103.0304,-20.15,99,43,0.95,RU,1701041242
526,praia da vitoria,38.7333,-27.0667,19.14,100,40,8.11,PT,1701041242
527,nizhneudinsk,54.9076,99.0276,-17.74,98,56,1.07,RU,1701041242
528,hamamatsu,34.7,137.7333,12.74,82,0,0.89,JP,1701041243
529,ust'-ilimsk,58.0006,102.6619,-20.95,95,77,1.26,RU,1701041243
530,mumford,5.2618,-0.759,24.48,91,100,2.53,GH,1701041243
531,turpan,42.9333,89.1667,2.79,41,22,0.92,CN,1701041243
532,bulungu,-4.55,18.6,21.24,96,100,0.76,CD,1701041244
533,mount darwin,-16.7725,31.5838,24.24,51,50,2.75,ZW,1701041244
534,sol'tsy,58.1239,30.3238,-6.71,97,92,1.9,RU,1701041244
535,quellon,-43.1167,-73.6167,11.11,70,100,3.07,CL,1701041245
536,ulsteinvik,62.3432,5.8487,2.09,75,6,2.68,NO,1701041245
537,enriquillo,17.9,-71.2333,26.82,88,63,4.09,DO,1701041245
538,naryn,41.4287,75.9911,-4.3,60,77,4.87,KG,1701041245
539,homer,59.6425,-151.5483,3.94,88,100,2.57,US,1701041129
540,howrah,22.5892,88.3103,19.0,88,20,0.0,IN,1701041246
541,labrador city,52.9463,-66.9114,-4.05,80,100,2.57,CA,1701041246
542,chapaev,50.2,51.1667,2.67,72,8,7.39,KZ,1701041246
543,madalena,41.2162,-8.3345,11.42,95,92,0.88,PT,1701041246
544,vershino-darasunskiy,52.35,115.5167,-24.58,94,11,1.7,RU,1701041247
545,aldan,58.6031,125.3894,-25.63,97,100,2.79,RU,1701041247
546,lethem,3.3803,-59.7968,28.64,58,65,2.2,GY,1701041247
547,ulaangom,49.9811,92.0667,-13.37,81,32,2.03,MN,1701041248
548,nieuw amsterdam,5.8833,-55.0833,25.57,92,98,4.35,SR,1701041248
549,usinsk,65.9939,57.5281,-23.68,100,68,1.93,RU,1701041248
550,rawlins,41.7911,-107.2387,-7.06,73,100,6.69,US,1701041248
551,puerto baquerizo moreno,-0.9,-89.6,24.49,79,60,4.95,EC,1701041249
552,ceerigaabo,10.6162,47.368,14.5,28,45,1.38,SO,1701041249
553,valle de la pascua,9.2155,-66.0073,25.64,76,81,2.96,VE,1701041249
554,minas de marcona,-15.2119,-75.1103,16.9,71,28,5.69,PE,1701041250
555,mogok,22.9167,96.5,12.95,86,8,1.07,MM,1701041250
556,lubao,14.9167,120.55,25.84,82,94,1.78,PH,1701041250
557,bratsk,56.1325,101.6142,-22.59,97,61,1.13,RU,1701041250
558,arauquita,7.0292,-71.4281,23.72,94,100,0.9,CO,1701041251
559,karsava,56.7841,27.6883,-8.2,99,95,2.48,LV,1701041251
560,miri,4.4148,114.0089,25.08,94,40,1.54,MY,1701041251
561,urengoy,65.9667,78.3667,-17.83,98,82,3.7,RU,1701041251
562,teknaf,20.8624,92.3058,21.33,85,14,1.81,BD,1701041252
563,ilhabela,-23.7781,-45.3581,21.95,84,100,4.48,BR,1701041252
564,al bawiti,28.3492,28.8659,15.76,55,2,4.07,EG,1701041252
565,kurgan,55.45,65.3333,1.54,98,100,5.36,RU,1701041252
566,santo domingo,18.5001,-69.9886,27.82,83,40,0.0,DO,1701041095
567,tommot,58.9564,126.2925,-22.35,93,100,4.89,RU,1701041253
568,noosa heads,-26.3833,153.15,27.28,70,97,2.68,AU,1701041253
569,paradip garh,20.3167,86.6167,20.25,71,77,3.53,IN,1701041253
570,maymana,35.9214,64.7836,15.14,41,100,1.44,AF,1701041254
571,malacca,2.196,102.2405,24.46,95,40,1.03,MY,1701041254
572,souillac,-20.5167,57.5167,24.21,88,75,1.54,MU,1701041254
573,muborak,39.2553,65.1528,16.18,21,100,6.07,UZ,1701041254
574,kolonia town,6.964,158.206,29.0,84,100,3.09,FM,1701041255
575,yuzhno-kurilsk,44.0306,145.8556,-0.35,78,27,0.68,RU,1701041255
576,prado,-17.3411,-39.2208,24.33,75,54,4.61,BR,1701041232
577,bonthe,7.5264,-12.505,26.03,81,3,1.42,SL,1701041255
578,tinajo,29.0788,-13.7081,17.49,68,20,3.09,ES,1701041256
579,vanino,49.0869,140.2543,-13.93,55,41,4.01,RU,1701041256
580,businga,3.3333,20.8833,20.62,95,95,0.68,CD,1701041256
581,manismata,-2.4667,111.0333,23.33,98,100,0.98,ID,1701041256
582,myanaung,18.2833,95.3167,20.74,80,96,4.31,MM,1701041257
583,satte,36.0667,139.7167,12.18,47,0,0.92,JP,1701041257
584,lamu,-2.2717,40.902,24.12,83,98,2.64,KE,1701041257
585,santa elena de uairen,4.6167,-61.1333,20.86,86,97,1.19,VE,1701041257
586,porvoo,60.3923,25.6651,-10.72,78,85,3.04,FI,1701041258
587,childress,34.4264,-100.204,9.14,40,0,4.12,US,1701041258
588,dryden,49.7833,-92.7503,-10.84,79,100,4.63,CA,1701041258
589,camapua,-19.5314,-54.0439,24.15,85,68,3.52,BR,1701041258
590,polyarnyy,69.1989,33.4478,-14.37,88,30,2.73,RU,1701041259
591,amahai,-3.3333,128.9167,26.65,82,100,0.71,ID,1701041259
592,hirara,24.8,125.2833,23.92,73,75,5.66,JP,1701041259
593,izazi,-7.2,35.7333,23.62,64,47,1.49,TZ,1701041259
594,akhmet'a,42.0311,45.2075,13.29,59,80,1.15,GE,1701041260
595,la junta,37.985,-103.5438,6.16,28,0,2.57,US,1701041260
596,staraya mayna,54.6,48.95,1.06,86,57,5.53,RU,1701041260
597,birao,10.2849,22.7882,27.28,25,61,1.75,CF,1701041260
598,tarfaya,27.9358,-12.9218,18.65,73,5,4.88,MA,1701041260
599,harar,9.3094,42.1258,12.87,39,23,2.47,ET,1701041261
600,ancud,-41.8697,-73.8203,13.57,81,100,0.92,CL,1701041261
601,viedma,-40.8135,-62.9967,15.78,46,94,7.02,AR,1701041261
602,hillvue,-31.1244,150.915,25.95,57,1,3.09,AU,1701041262
603,as sulayyil,20.4607,45.5779,21.14,43,10,1.97,SA,1701041262
604,extrema,-22.8547,-46.3183,17.94,96,96,1.71,BR,1701041262
